{
"name" : {
  "a": 1,
  "aa": 1,
  "aaa": 1,
  "aah": 1,
  "aahed": 1,
  "aahing": 1,
  "aahs": 1,
  "aal": 1,
  "aalii": 1,
  "aaliis": 1,
  "aals": 1,
  "aam": 1,
  "aani": 1,
  "aardvark": 1,
  "aardvarks": 1,
  "aardwolf": 1,
  "aardwolves": 1,
  "aargh": 1,
  "aaron": 1,
  "aaronic": 1,
  "aaronical": 1,
  "aaronite": 1,
  "aaronitic": 1,
  "aarrgh": 1,
  "aarrghh": 1,
  "aaru": 1,
  "aas": 1,
  "aasvogel": 1,
  "aasvogels": 1,
  "ab": 1,
  "aba": 1,
  "ababdeh": 1,
  "ababua": 1,
  "abac": 1,
  "abaca": 1,
  "abacay": 1,
  "abacas": 1,
  "abacate": 1,
  "abacaxi": 1,
  "abaci": 1,
  "abacinate": 1,
  "abacination": 1,
  "abacisci": 1,
  "abaciscus": 1,
  "abacist": 1,
  "aback": 1,
  "abacli": 1,
  "abacot": 1,
  "abacterial": 1,
  "abactinal": 1,
  "abactinally": 1,
  "abaction": 1,
  "abactor": 1,
  "abaculi": 1,
  "abaculus": 1
}
}